{
  "Version": "2012-10-17",
  "Statement": [
    {
      "Sid": "S3BenchMarksEc2Role",
      "Effect": "Allow",
      "Action": [
        "cloudwatch:PutMetricData",
        "cloudwatch:GetMetricStatistics",
        "cloudwatch:ListMetrics",
        "cloudwatch:GetMetricData",
        "cloudwatch:ListDashboards",
        "ec2:DescribeInstances",
        "ec2:MonitorInstances",
        "ec2:DescribeImages",
        "lambda:InvokeAsync",
        "lambda:InvokeFunction",
        "s3:PutLifecycleConfiguration",
        "s3:DeleteObject",
        "s3:GetBucketWebsite",
        "s3:PutReplicationConfiguration",
        "s3:GetObjectLegalHold",
        "s3:GetBucketNotification",
        "s3:GetReplicationConfiguration",
        "s3:PutObject",
        "s3:PutBucketNotification",
        "s3:PutBucketObjectLockConfiguration",
        "s3:GetLifecycleConfiguration",
        "s3:GetInventoryConfiguration",
        "s3:GetBucketTagging",
        "s3:ListBucket",
        "s3:AbortMultipartUpload",
        "s3:DeleteBucket",
        "s3:PutBucketVersioning",
        "s3:ListBucketMultipartUploads",
        "s3:PutMetricsConfiguration",
        "s3:GetBucketVersioning",
        "s3:PutInventoryConfiguration",
        "s3:PutBucketWebsite",
        "s3:PutBucketRequestPayment",
        "s3:PutObjectRetention",
        "s3:GetBucketCORS",
        "s3:GetObjectVersion",
        "s3:PutAnalyticsConfiguration",
        "s3:GetObjectVersionTagging",
        "s3:CreateBucket",
        "s3:ReplicateObject",
        "s3:GetObjectAcl",
        "s3:GetBucketObjectLockConfiguration",
        "s3:DeleteBucketWebsite",
        "s3:GetObjectVersionAcl",
        "s3:GetBucketPolicyStatus",
        "s3:GetObjectRetention",
        "s3:PutObjectLegalHold",
        "s3:PutBucketCORS",
        "s3:ListMultipartUploadParts",
        "s3:GetObject",
        "s3:PutBucketLogging",
        "s3:GetAnalyticsConfiguration",
        "s3:GetObjectVersionForReplication",
        "s3:PutAccelerateConfiguration",
        "s3:DeleteObjectVersion",
        "s3:GetBucketLogging",
        "s3:ListBucketVersions",
        "s3:RestoreObject",
        "s3:GetAccelerateConfiguration",
        "s3:GetBucketPolicy",
        "s3:PutEncryptionConfiguration",
        "s3:GetEncryptionConfiguration",
        "s3:GetObjectVersionTorrent",
        "s3:GetBucketRequestPayment",
        "s3:GetObjectTagging",
        "s3:GetMetricsConfiguration",
        "s3:GetBucketPublicAccessBlock",
        "s3:GetBucketAcl",
        "s3:GetObjectTorrent",
        "s3:GetBucketLocation",
        "s3:ReplicateDelete"
      ],
      "Resource": "*"
    }
  ]
}
