{
    "name": "aws-c-s3",
    "targets": {
        "android": {
            "enabled": false,
            "_comment": "disabled until we need to support it. LibCrypto needs to be configured on build machine."
        }
    },
    "upstream": [
        { "name": "aws-c-auth" },
        { "name": "aws-c-http" },
        { "name": "aws-checksums" },
        { "name": "aws-c-sdkutils"}
    ],
    "downstream": [
    ],
    "test_steps": [
        "test"
    ],
    "+cmake_args": [
        "-DENABLE_MRAP_TESTS=ON"
    ],
    "pre_build_steps": ["mock-server-setup"]
}
